bladnr,download_link,download_size_bytes,einddatum,id,jaargang_luchtfoto,startdatum
218000_562000,https://download.pdok.nl/kadaster/basisvoorziening-3d/v1_0/2025/volledig/volledig_2025_218000_562000.zip,5258620,2026/01/01 00:59:59,45b75518-5d51-578e-8ee8-b13f23058566,2025,2025/01/01 01:00:00
218000_564000,https://download.pdok.nl/kadaster/basisvoorziening-3d/v1_0/2025/volledig/volledig_2025_218000_564000.zip,7319074,2026/01/01 00:59:59,1e443580-803c-5d19-b3a8-45e9c9193ee7,2025,2025/01/01 01:00:00
218000_566000,https://download.pdok.nl/kadaster/basisvoorziening-3d/v1_0/2025/volledig/volledig_2025_218000_566000.zip,9032179,2026/01/01 00:59:59,750c7d8e-729a-56e7-943b-f6e345f1efbe,2025,2025/01/01 01:00:00
218000_568000,https://download.pdok.nl/kadaster/basisvoorziening-3d/v1_0/2025/volledig/volledig_2025_218000_568000.zip,8289220,2026/01/01 00:59:59,679ecac9-818e-561e-8050-255db60f8fd2,2025,2025/01/01 01:00:00
218000_570000,https://download.pdok.nl/kadaster/basisvoorziening-3d/v1_0/2025/volledig/volledig_2025_218000_570000.zip,7365402,2026/01/01 00:59:59,"00bc5632-157d-5fbb-89b8-e5ab08d5fc07",2025,2025/01/01 01:00:00
218000_572000,https://download.pdok.nl/kadaster/basisvoorziening-3d/v1_0/2025/volledig/volledig_2025_218000_572000.zip,8452028,2026/01/01 00:59:59,edc33c71-17d3-5b7b-adc9-364f786b6928,2025,2025/01/01 01:00:00
218000_574000,https://download.pdok.nl/kadaster/basisvoorziening-3d/v1_0/2025/volledig/volledig_2025_218000_574000.zip,9528837,2026/01/01 00:59:59,e8bca05f-f811-5520-a4f3-5b1cc2355265,2025,2025/01/01 01:00:00
218000_576000,https://download.pdok.nl/kadaster/basisvoorziening-3d/v1_0/2025/volledig/volledig_2025_218000_576000.zip,12772459,2026/01/01 00:59:59,5e201c7b-089a-5ffe-8489-654e3fa48bad,2025,2025/01/01 01:00:00
218000_578000,https://download.pdok.nl/kadaster/basisvoorziening-3d/v1_0/2025/volledig/volledig_2025_218000_578000.zip,10257116,2026/01/01 00:59:59,66ed7af3-3ce4-5acf-b73a-94599b2a31cf,2025,2025/01/01 01:00:00
218000_580000,https://download.pdok.nl/kadaster/basisvoorziening-3d/v1_0/2025/volledig/volledig_2025_218000_580000.zip,8488155,2026/01/01 00:59:59,27d97f9b-de2a-5432-bb98-c2ac2522cfdb,2025,2025/01/01 01:00:00
218000_582000,https://download.pdok.nl/kadaster/basisvoorziening-3d/v1_0/2025/volledig/volledig_2025_218000_582000.zip,7921608,2026/01/01 00:59:59,6a54f99a-c7bd-569f-ae0c-d0612495235c,2025,2025/01/01 01:00:00
218000_584000,https://download.pdok.nl/kadaster/basisvoorziening-3d/v1_0/2025/volledig/volledig_2025_218000_584000.zip,5752311,2026/01/01 00:59:59,6da0b554-9e75-522e-b8d9-0bc3cf5eaef5,2025,2025/01/01 01:00:00
218000_586000,https://download.pdok.nl/kadaster/basisvoorziening-3d/v1_0/2025/volledig/volledig_2025_218000_586000.zip,7352388,2026/01/01 00:59:59,d98f2a7d-4fec-5c44-a6c2-7f3dd3468894,2025,2025/01/01 01:00:00
218000_588000,https://download.pdok.nl/kadaster/basisvoorziening-3d/v1_0/2025/volledig/volledig_2025_218000_588000.zip,6341810,2026/01/01 00:59:59,f85801e6-edf3-5c35-b1eb-a7616c65d532,2025,2025/01/01 01:00:00
220000_562000,https://download.pdok.nl/kadaster/basisvoorziening-3d/v1_0/2025/volledig/volledig_2025_220000_562000.zip,9616759,2026/01/01 00:59:59,d350a1e0-f193-5583-b379-c879ab1f90d7,2025,2025/01/01 01:00:00
220000_564000,https://download.pdok.nl/kadaster/basisvoorziening-3d/v1_0/2025/volledig/volledig_2025_220000_564000.zip,10181054,2026/01/01 00:59:59,4aeade3d-2d72-5e0d-b956-e0c96f99b3ee,2025,2025/01/01 01:00:00
220000_566000,https://download.pdok.nl/kadaster/basisvoorziening-3d/v1_0/2025/volledig/volledig_2025_220000_566000.zip,10408046,2026/01/01 00:59:59,18876224-6096-53e0-acde-3029e3576aff,2025,2025/01/01 01:00:00
220000_568000,https://download.pdok.nl/kadaster/basisvoorziening-3d/v1_0/2025/volledig/volledig_2025_220000_568000.zip,12059362,2026/01/01 00:59:59,967567c7-808a-5847-bb91-51faa6c2bd45,2025,2025/01/01 01:00:00
220000_570000,https://download.pdok.nl/kadaster/basisvoorziening-3d/v1_0/2025/volledig/volledig_2025_220000_570000.zip,7132691,2026/01/01 00:59:59,8e20a268-f495-58c7-8b9b-19c0079bf52a,2025,2025/01/01 01:00:00
220000_572000,https://download.pdok.nl/kadaster/basisvoorziening-3d/v1_0/2025/volledig/volledig_2025_220000_572000.zip,10721692,2026/01/01 00:59:59,5871c22c-2811-5898-9270-5432e40c0117,2025,2025/01/01 01:00:00
220000_574000,https://download.pdok.nl/kadaster/basisvoorziening-3d/v1_0/2025/volledig/volledig_2025_220000_574000.zip,15097460,2026/01/01 00:59:59,fb0dc16b-656f-52fe-a5a1-ea1ae1d5efe1,2025,2025/01/01 01:00:00
220000_576000,https://download.pdok.nl/kadaster/basisvoorziening-3d/v1_0/2025/volledig/volledig_2025_220000_576000.zip,12915951,2026/01/01 00:59:59,"06f007d5-6c3e-5c83-92b6-9644b5e6514e",2025,2025/01/01 01:00:00
220000_578000,https://download.pdok.nl/kadaster/basisvoorziening-3d/v1_0/2025/volledig/volledig_2025_220000_578000.zip,8384210,2026/01/01 00:59:59,74c6da96-d9c5-551e-afbb-dba4ca003950,2025,2025/01/01 01:00:00
220000_580000,https://download.pdok.nl/kadaster/basisvoorziening-3d/v1_0/2025/volledig/volledig_2025_220000_580000.zip,7127134,2026/01/01 00:59:59,dd9b98ab-7b7a-5bc0-9ca9-b83cdadc5b25,2025,2025/01/01 01:00:00
220000_582000,https://download.pdok.nl/kadaster/basisvoorziening-3d/v1_0/2025/volledig/volledig_2025_220000_582000.zip,5625535,2026/01/01 00:59:59,7c9c2086-d0b0-555e-8b59-6e800ea7123c,2025,2025/01/01 01:00:00
220000_584000,https://download.pdok.nl/kadaster/basisvoorziening-3d/v1_0/2025/volledig/volledig_2025_220000_584000.zip,7922298,2026/01/01 00:59:59,28c22eec-3f30-576f-93d8-9fc5f4a9a2b6,2025,2025/01/01 01:00:00
220000_586000,https://download.pdok.nl/kadaster/basisvoorziening-3d/v1_0/2025/volledig/volledig_2025_220000_586000.zip,5342970,2026/01/01 00:59:59,cff7d8c7-8c2b-5002-86c6-5dcac544925b,2025,2025/01/01 01:00:00
220000_588000,https://download.pdok.nl/kadaster/basisvoorziening-3d/v1_0/2025/volledig/volledig_2025_220000_588000.zip,5768877,2026/01/01 00:59:59,59545385-3d84-5726-9209-67b1c4a6556f,2025,2025/01/01 01:00:00
222000_562000,https://download.pdok.nl/kadaster/basisvoorziening-3d/v1_0/2025/volledig/volledig_2025_222000_562000.zip,24599453,2026/01/01 00:59:59,a0773e3a-a52d-5e3f-ad75-2f91005c8091,2025,2025/01/01 01:00:00
222000_564000,https://download.pdok.nl/kadaster/basisvoorziening-3d/v1_0/2025/volledig/volledig_2025_222000_564000.zip,25106966,2026/01/01 00:59:59,e0a86462-f7f1-52ac-9df1-246cbb78f1b9,2025,2025/01/01 01:00:00
222000_566000,https://download.pdok.nl/kadaster/basisvoorziening-3d/v1_0/2025/volledig/volledig_2025_222000_566000.zip,11438220,2026/01/01 00:59:59,669e166c-15fa-5965-ad46-18b8fea2c7d3,2025,2025/01/01 01:00:00
222000_568000,https://download.pdok.nl/kadaster/basisvoorziening-3d/v1_0/2025/volledig/volledig_2025_222000_568000.zip,15552604,2026/01/01 00:59:59,4f1bcc54-a1e6-5861-847e-76b2c5a09bf9,2025,2025/01/01 01:00:00
222000_570000,https://download.pdok.nl/kadaster/basisvoorziening-3d/v1_0/2025/volledig/volledig_2025_222000_570000.zip,10669551,2026/01/01 00:59:59,7ceb5bb5-e745-5afb-9f38-1861169dad52,2025,2025/01/01 01:00:00
222000_572000,https://download.pdok.nl/kadaster/basisvoorziening-3d/v1_0/2025/volledig/volledig_2025_222000_572000.zip,14014916,2026/01/01 00:59:59,119d8ffd-64e3-57d6-bdf7-862b62f5a7f3,2025,2025/01/01 01:00:00
222000_574000,https://download.pdok.nl/kadaster/basisvoorziening-3d/v1_0/2025/volledig/volledig_2025_222000_574000.zip,13391683,2026/01/01 00:59:59,4d4950b1-147c-5b27-a0d9-fe53e291170b,2025,2025/01/01 01:00:00
222000_576000,https://download.pdok.nl/kadaster/basisvoorziening-3d/v1_0/2025/volledig/volledig_2025_222000_576000.zip,13442757,2026/01/01 00:59:59,7be98c5d-69b1-5c6d-aac9-096f0f6c11dd,2025,2025/01/01 01:00:00
222000_578000,https://download.pdok.nl/kadaster/basisvoorziening-3d/v1_0/2025/volledig/volledig_2025_222000_578000.zip,8294084,2026/01/01 00:59:59,fddb7572-e6ee-50dc-83a1-67b5d0b7b9cb,2025,2025/01/01 01:00:00
222000_580000,https://download.pdok.nl/kadaster/basisvoorziening-3d/v1_0/2025/volledig/volledig_2025_222000_580000.zip,6368284,2026/01/01 00:59:59,68b45de1-9ff5-59d4-8ea6-3cb7ae1b8210,2025,2025/01/01 01:00:00
222000_582000,https://download.pdok.nl/kadaster/basisvoorziening-3d/v1_0/2025/volledig/volledig_2025_222000_582000.zip,4854351,2026/01/01 00:59:59,"0b1cf187-167f-501f-93b2-b4761af56eb2",2025,2025/01/01 01:00:00
222000_584000,https://download.pdok.nl/kadaster/basisvoorziening-3d/v1_0/2025/volledig/volledig_2025_222000_584000.zip,13357624,2026/01/01 00:59:59,26690955-cede-5e73-9ecf-efeba5f0498d,2025,2025/01/01 01:00:00
222000_586000,https://download.pdok.nl/kadaster/basisvoorziening-3d/v1_0/2025/volledig/volledig_2025_222000_586000.zip,7505928,2026/01/01 00:59:59,4d33b557-7f07-516b-81e9-0205225173fb,2025,2025/01/01 01:00:00
222000_588000,https://download.pdok.nl/kadaster/basisvoorziening-3d/v1_0/2025/volledig/volledig_2025_222000_588000.zip,3753893,2026/01/01 00:59:59,24fbad3b-f43d-5710-9755-e557aa0fb404,2025,2025/01/01 01:00:00
224000_562000,https://download.pdok.nl/kadaster/basisvoorziening-3d/v1_0/2025/volledig/volledig_2025_224000_562000.zip,27423134,2026/01/01 00:59:59,50d23f78-08c1-5922-b247-6f1a02248f91,2025,2025/01/01 01:00:00
224000_564000,https://download.pdok.nl/kadaster/basisvoorziening-3d/v1_0/2025/volledig/volledig_2025_224000_564000.zip,20817971,2026/01/01 00:59:59,4237312a-0693-5dee-8992-089e189e6ef4,2025,2025/01/01 01:00:00
224000_566000,https://download.pdok.nl/kadaster/basisvoorziening-3d/v1_0/2025/volledig/volledig_2025_224000_566000.zip,23383280,2026/01/01 00:59:59,c9acde4d-5f33-528c-8bbc-0587dc477007,2025,2025/01/01 01:00:00
224000_568000,https://download.pdok.nl/kadaster/basisvoorziening-3d/v1_0/2025/volledig/volledig_2025_224000_568000.zip,16023364,2026/01/01 00:59:59,2f88a32f-9673-5ab8-9bb6-dbd4dd5da6f5,2025,2025/01/01 01:00:00
224000_570000,https://download.pdok.nl/kadaster/basisvoorziening-3d/v1_0/2025/volledig/volledig_2025_224000_570000.zip,23261507,2026/01/01 00:59:59,c2a2998b-b032-5db9-b3a9-fe21e7abbe84,2025,2025/01/01 01:00:00
224000_572000,https://download.pdok.nl/kadaster/basisvoorziening-3d/v1_0/2025/volledig/volledig_2025_224000_572000.zip,16441663,2026/01/01 00:59:59,b0e52a16-ad82-5205-b9d2-7bb7427d5805,2025,2025/01/01 01:00:00
224000_574000,https://download.pdok.nl/kadaster/basisvoorziening-3d/v1_0/2025/volledig/volledig_2025_224000_574000.zip,12526850,2026/01/01 00:59:59,9aafe34c-1d42-5df2-9dd7-7d901141ec61,2025,2025/01/01 01:00:00
224000_576000,https://download.pdok.nl/kadaster/basisvoorziening-3d/v1_0/2025/volledig/volledig_2025_224000_576000.zip,25627123,2026/01/01 00:59:59,c001d9d2-0a30-5db3-b96c-ffc0d36f5cb2,2025,2025/01/01 01:00:00
224000_578000,https://download.pdok.nl/kadaster/basisvoorziening-3d/v1_0/2025/volledig/volledig_2025_224000_578000.zip,13570676,2026/01/01 00:59:59,54a9cdec-45e7-5156-bea9-88d7a4651087,2025,2025/01/01 01:00:00
224000_580000,https://download.pdok.nl/kadaster/basisvoorziening-3d/v1_0/2025/volledig/volledig_2025_224000_580000.zip,6063960,2026/01/01 00:59:59,17aeca40-a056-585e-8e7b-18f187c8a1b4,2025,2025/01/01 01:00:00
224000_582000,https://download.pdok.nl/kadaster/basisvoorziening-3d/v1_0/2025/volledig/volledig_2025_224000_582000.zip,5978365,2026/01/01 00:59:59,3e5dc6ed-7126-5bb9-a18c-8894fdc134ed,2025,2025/01/01 01:00:00
224000_584000,https://download.pdok.nl/kadaster/basisvoorziening-3d/v1_0/2025/volledig/volledig_2025_224000_584000.zip,5454479,2026/01/01 00:59:59,df9bb215-f27b-5ec2-8799-5ba1a81a8c7d,2025,2025/01/01 01:00:00
224000_586000,https://download.pdok.nl/kadaster/basisvoorziening-3d/v1_0/2025/volledig/volledig_2025_224000_586000.zip,7778334,2026/01/01 00:59:59,da0957a6-6c2d-53c7-90d5-b674a8ec6e0a,2025,2025/01/01 01:00:00
224000_588000,https://download.pdok.nl/kadaster/basisvoorziening-3d/v1_0/2025/volledig/volledig_2025_224000_588000.zip,4256386,2026/01/01 00:59:59,ae97082d-c4bf-5665-8b7e-35399f3e7584,2025,2025/01/01 01:00:00
226000_562000,https://download.pdok.nl/kadaster/basisvoorziening-3d/v1_0/2025/volledig/volledig_2025_226000_562000.zip,12673124,2026/01/01 00:59:59,298f0e71-16a7-5d9b-baa1-fe109564ba48,2025,2025/01/01 01:00:00
226000_564000,https://download.pdok.nl/kadaster/basisvoorziening-3d/v1_0/2025/volledig/volledig_2025_226000_564000.zip,32570753,2026/01/01 00:59:59,279f0130-2002-5bc5-a1d2-363e8e781a2c,2025,2025/01/01 01:00:00
226000_566000,https://download.pdok.nl/kadaster/basisvoorziening-3d/v1_0/2025/volledig/volledig_2025_226000_566000.zip,21704378,2026/01/01 00:59:59,c122f4fd-be9c-54ab-9c45-df21a182ecd3,2025,2025/01/01 01:00:00
226000_568000,https://download.pdok.nl/kadaster/basisvoorziening-3d/v1_0/2025/volledig/volledig_2025_226000_568000.zip,14691303,2026/01/01 00:59:59,a73bf288-e769-52e3-baa1-e3ede8051eb1,2025,2025/01/01 01:00:00
226000_570000,https://download.pdok.nl/kadaster/basisvoorziening-3d/v1_0/2025/volledig/volledig_2025_226000_570000.zip,13144889,2026/01/01 00:59:59,88d2dfed-e27e-5eb2-a77b-eceffff15fbc,2025,2025/01/01 01:00:00
226000_572000,https://download.pdok.nl/kadaster/basisvoorziening-3d/v1_0/2025/volledig/volledig_2025_226000_572000.zip,11150861,2026/01/01 00:59:59,3af4a6d2-d16c-54d6-99e2-79dd79344fa6,2025,2025/01/01 01:00:00
226000_574000,https://download.pdok.nl/kadaster/basisvoorziening-3d/v1_0/2025/volledig/volledig_2025_226000_574000.zip,13057987,2026/01/01 00:59:59,8d529893-4b18-5978-9230-645ea6c2ab25,2025,2025/01/01 01:00:00
226000_576000,https://download.pdok.nl/kadaster/basisvoorziening-3d/v1_0/2025/volledig/volledig_2025_226000_576000.zip,19523066,2026/01/01 00:59:59,61390896-eca2-5c97-806b-73c45405ba4f,2025,2025/01/01 01:00:00
226000_578000,https://download.pdok.nl/kadaster/basisvoorziening-3d/v1_0/2025/volledig/volledig_2025_226000_578000.zip,28213821,2026/01/01 00:59:59,3bdf2c93-69b9-5ffe-b1d7-ebc32ad02ec0,2025,2025/01/01 01:00:00
226000_580000,https://download.pdok.nl/kadaster/basisvoorziening-3d/v1_0/2025/volledig/volledig_2025_226000_580000.zip,10966933,2026/01/01 00:59:59,fd310eb7-98ce-55b6-91a7-8f35747122a5,2025,2025/01/01 01:00:00
226000_582000,https://download.pdok.nl/kadaster/basisvoorziening-3d/v1_0/2025/volledig/volledig_2025_226000_582000.zip,6546480,2026/01/01 00:59:59,6a5f2f98-0292-5d9f-9041-8e29132c6bf5,2025,2025/01/01 01:00:00
226000_584000,https://download.pdok.nl/kadaster/basisvoorziening-3d/v1_0/2025/volledig/volledig_2025_226000_584000.zip,6782173,2026/01/01 00:59:59,32246213-9a7b-5444-9374-0607f26bc7c3,2025,2025/01/01 01:00:00
226000_586000,https://download.pdok.nl/kadaster/basisvoorziening-3d/v1_0/2025/volledig/volledig_2025_226000_586000.zip,7759620,2026/01/01 00:59:59,56b02c3f-764f-548b-8e6b-071d121ff2a4,2025,2025/01/01 01:00:00
226000_588000,https://download.pdok.nl/kadaster/basisvoorziening-3d/v1_0/2025/volledig/volledig_2025_226000_588000.zip,3874583,2026/01/01 00:59:59,255f7a75-7ed1-52ad-b7f1-960ee71e46b5,2025,2025/01/01 01:00:00
228000_562000,https://download.pdok.nl/kadaster/basisvoorziening-3d/v1_0/2025/volledig/volledig_2025_228000_562000.zip,9255821,2026/01/01 00:59:59,1f012255-1ded-5878-b397-39718adc11ab,2025,2025/01/01 01:00:00
228000_564000,https://download.pdok.nl/kadaster/basisvoorziening-3d/v1_0/2025/volledig/volledig_2025_228000_564000.zip,19004600,2026/01/01 00:59:59,878d33fc-a307-57d5-8957-3ee49bc7bc50,2025,2025/01/01 01:00:00
228000_566000,https://download.pdok.nl/kadaster/basisvoorziening-3d/v1_0/2025/volledig/volledig_2025_228000_566000.zip,20488477,2026/01/01 00:59:59,8615a61e-6907-522b-beb2-73c221a90b96,2025,2025/01/01 01:00:00
228000_568000,https://download.pdok.nl/kadaster/basisvoorziening-3d/v1_0/2025/volledig/volledig_2025_228000_568000.zip,10995689,2026/01/01 00:59:59,"07324958-2969-50c1-a470-c227cb1cace2",2025,2025/01/01 01:00:00
228000_570000,https://download.pdok.nl/kadaster/basisvoorziening-3d/v1_0/2025/volledig/volledig_2025_228000_570000.zip,15040903,2026/01/01 00:59:59,5bd990af-0537-55d0-8f80-74ba371685f0,2025,2025/01/01 01:00:00
228000_572000,https://download.pdok.nl/kadaster/basisvoorziening-3d/v1_0/2025/volledig/volledig_2025_228000_572000.zip,11331883,2026/01/01 00:59:59,b186b06c-a01a-5e3b-9006-ff1edf1231fa,2025,2025/01/01 01:00:00
228000_574000,https://download.pdok.nl/kadaster/basisvoorziening-3d/v1_0/2025/volledig/volledig_2025_228000_574000.zip,15719797,2026/01/01 00:59:59,cc225603-e969-5b62-838a-900b033b1b0b,2025,2025/01/01 01:00:00
228000_576000,https://download.pdok.nl/kadaster/basisvoorziening-3d/v1_0/2025/volledig/volledig_2025_228000_576000.zip,30339958,2026/01/01 00:59:59,b8b29625-3ea8-523c-9057-bf43c9ea18b1,2025,2025/01/01 01:00:00
228000_578000,https://download.pdok.nl/kadaster/basisvoorziening-3d/v1_0/2025/volledig/volledig_2025_228000_578000.zip,32705714,2026/01/01 00:59:59,7e4649be-d85c-5fbf-a5e7-a9ee6b1297e6,2025,2025/01/01 01:00:00
228000_580000,https://download.pdok.nl/kadaster/basisvoorziening-3d/v1_0/2025/volledig/volledig_2025_228000_580000.zip,14379083,2026/01/01 00:59:59,37f46bac-4c7e-5511-bc13-ec344ffce5af,2025,2025/01/01 01:00:00
228000_582000,https://download.pdok.nl/kadaster/basisvoorziening-3d/v1_0/2025/volledig/volledig_2025_228000_582000.zip,9104691,2026/01/01 00:59:59,17adc1b3-01ca-5452-9fde-5e436c2dc3d9,2025,2025/01/01 01:00:00
228000_584000,https://download.pdok.nl/kadaster/basisvoorziening-3d/v1_0/2025/volledig/volledig_2025_228000_584000.zip,7981476,2026/01/01 00:59:59,bd45cd22-4f6d-55e2-99ea-4a9bca50dfa0,2025,2025/01/01 01:00:00
228000_586000,https://download.pdok.nl/kadaster/basisvoorziening-3d/v1_0/2025/volledig/volledig_2025_228000_586000.zip,8230061,2026/01/01 00:59:59,3fef8b02-a6ea-501a-9a2d-22dfc2987309,2025,2025/01/01 01:00:00
228000_588000,https://download.pdok.nl/kadaster/basisvoorziening-3d/v1_0/2025/volledig/volledig_2025_228000_588000.zip,4790889,2026/01/01 00:59:59,90068c00-a39c-515e-9087-8030e2efff2a,2025,2025/01/01 01:00:00
230000_562000,https://download.pdok.nl/kadaster/basisvoorziening-3d/v1_0/2025/volledig/volledig_2025_230000_562000.zip,9792707,2026/01/01 00:59:59,"034435cf-5daa-5075-a2dd-e03c41463e4a",2025,2025/01/01 01:00:00
230000_564000,https://download.pdok.nl/kadaster/basisvoorziening-3d/v1_0/2025/volledig/volledig_2025_230000_564000.zip,19897878,2026/01/01 00:59:59,7007bc96-8ada-5b44-a8ed-968ad061f3a9,2025,2025/01/01 01:00:00
230000_566000,https://download.pdok.nl/kadaster/basisvoorziening-3d/v1_0/2025/volledig/volledig_2025_230000_566000.zip,13050940,2026/01/01 00:59:59,52e44264-a8cd-59f4-bd1b-f5b13d7594cc,2025,2025/01/01 01:00:00
230000_568000,https://download.pdok.nl/kadaster/basisvoorziening-3d/v1_0/2025/volledig/volledig_2025_230000_568000.zip,10737290,2026/01/01 00:59:59,49423406-c4dc-5763-ad3c-a71425b678b7,2025,2025/01/01 01:00:00
230000_570000,https://download.pdok.nl/kadaster/basisvoorziening-3d/v1_0/2025/volledig/volledig_2025_230000_570000.zip,7844467,2026/01/01 00:59:59,d3153f08-d89d-5590-ad65-65f5733ec83d,2025,2025/01/01 01:00:00
230000_572000,https://download.pdok.nl/kadaster/basisvoorziening-3d/v1_0/2025/volledig/volledig_2025_230000_572000.zip,9063598,2026/01/01 00:59:59,be7c198d-497d-593b-9fce-0a54fa86f7ef,2025,2025/01/01 01:00:00
230000_574000,https://download.pdok.nl/kadaster/basisvoorziening-3d/v1_0/2025/volledig/volledig_2025_230000_574000.zip,22414991,2026/01/01 00:59:59,e49e0059-48ed-5071-9d71-be768c23bf89,2025,2025/01/01 01:00:00
230000_576000,https://download.pdok.nl/kadaster/basisvoorziening-3d/v1_0/2025/volledig/volledig_2025_230000_576000.zip,29959151,2026/01/01 00:59:59,76ebb5de-bf08-5c78-9d93-786fe3bd5955,2025,2025/01/01 01:00:00
230000_578000,https://download.pdok.nl/kadaster/basisvoorziening-3d/v1_0/2025/volledig/volledig_2025_230000_578000.zip,21186707,2026/01/01 00:59:59,724cc65d-538a-57a3-a915-ea8ed76a156a,2025,2025/01/01 01:00:00
230000_580000,https://download.pdok.nl/kadaster/basisvoorziening-3d/v1_0/2025/volledig/volledig_2025_230000_580000.zip,15546668,2026/01/01 00:59:59,285660be-c51f-5d07-b28d-33bbc4126d06,2025,2025/01/01 01:00:00
230000_582000,https://download.pdok.nl/kadaster/basisvoorziening-3d/v1_0/2025/volledig/volledig_2025_230000_582000.zip,13277354,2026/01/01 00:59:59,2f83b9a9-0fee-50ab-bf57-94aa04b59c3b,2025,2025/01/01 01:00:00
230000_584000,https://download.pdok.nl/kadaster/basisvoorziening-3d/v1_0/2025/volledig/volledig_2025_230000_584000.zip,11936376,2026/01/01 00:59:59,1d1e09a6-eaec-5738-a3d3-2827e20c71b3,2025,2025/01/01 01:00:00
230000_586000,https://download.pdok.nl/kadaster/basisvoorziening-3d/v1_0/2025/volledig/volledig_2025_230000_586000.zip,6638349,2026/01/01 00:59:59,34c866bf-d9d4-51d3-b96b-14cdefd8b0f9,2025,2025/01/01 01:00:00
230000_588000,https://download.pdok.nl/kadaster/basisvoorziening-3d/v1_0/2025/volledig/volledig_2025_230000_588000.zip,6035527,2026/01/01 00:59:59,bf3ba00d-03f1-5722-82e0-c07e735510d2,2025,2025/01/01 01:00:00
232000_562000,https://download.pdok.nl/kadaster/basisvoorziening-3d/v1_0/2025/volledig/volledig_2025_232000_562000.zip,12005815,2026/01/01 00:59:59,c3368b74-2397-5543-8286-50e3520d0c86,2025,2025/01/01 01:00:00
232000_564000,https://download.pdok.nl/kadaster/basisvoorziening-3d/v1_0/2025/volledig/volledig_2025_232000_564000.zip,12169834,2026/01/01 00:59:59,baaeb680-d09b-5399-a6b2-ed6a5d2cc393,2025,2025/01/01 01:00:00
232000_566000,https://download.pdok.nl/kadaster/basisvoorziening-3d/v1_0/2025/volledig/volledig_2025_232000_566000.zip,8217329,2026/01/01 00:59:59,86807403-9e8b-5042-989c-26d920ed8185,2025,2025/01/01 01:00:00
232000_568000,https://download.pdok.nl/kadaster/basisvoorziening-3d/v1_0/2025/volledig/volledig_2025_232000_568000.zip,9677748,2026/01/01 00:59:59,c4a82ad9-8428-5824-90c2-79b83fe645d5,2025,2025/01/01 01:00:00
232000_570000,https://download.pdok.nl/kadaster/basisvoorziening-3d/v1_0/2025/volledig/volledig_2025_232000_570000.zip,10262596,2026/01/01 00:59:59,e4d80f7c-d525-5a42-9c4c-4c1bd3b9d9f6,2025,2025/01/01 01:00:00
232000_572000,https://download.pdok.nl/kadaster/basisvoorziening-3d/v1_0/2025/volledig/volledig_2025_232000_572000.zip,13136102,2026/01/01 00:59:59,ceb2ce42-3a89-57b6-9c1b-f24f3d93ef4f,2025,2025/01/01 01:00:00
232000_574000,https://download.pdok.nl/kadaster/basisvoorziening-3d/v1_0/2025/volledig/volledig_2025_232000_574000.zip,16915262,2026/01/01 00:59:59,"0683ce69-26b7-5f32-8ff3-fbc320fe1186",2025,2025/01/01 01:00:00
232000_576000,https://download.pdok.nl/kadaster/basisvoorziening-3d/v1_0/2025/volledig/volledig_2025_232000_576000.zip,13155404,2026/01/01 00:59:59,27e19193-730c-5411-9278-e8e62ecaa0a5,2025,2025/01/01 01:00:00
232000_578000,https://download.pdok.nl/kadaster/basisvoorziening-3d/v1_0/2025/volledig/volledig_2025_232000_578000.zip,13563153,2026/01/01 00:59:59,c051c30e-a6cd-5de0-8c54-c331ec88214b,2025,2025/01/01 01:00:00
232000_580000,https://download.pdok.nl/kadaster/basisvoorziening-3d/v1_0/2025/volledig/volledig_2025_232000_580000.zip,14770862,2026/01/01 00:59:59,71ea2d06-a7df-5be1-8e27-95e7a6ade9d6,2025,2025/01/01 01:00:00
232000_582000,https://download.pdok.nl/kadaster/basisvoorziening-3d/v1_0/2025/volledig/volledig_2025_232000_582000.zip,14100639,2026/01/01 00:59:59,f61f7cd0-ffe4-5732-9bd7-a1aa50af4297,2025,2025/01/01 01:00:00
232000_584000,https://download.pdok.nl/kadaster/basisvoorziening-3d/v1_0/2025/volledig/volledig_2025_232000_584000.zip,11470005,2026/01/01 00:59:59,dd044ee3-aad0-5852-9c74-80fd30c6efee,2025,2025/01/01 01:00:00
232000_586000,https://download.pdok.nl/kadaster/basisvoorziening-3d/v1_0/2025/volledig/volledig_2025_232000_586000.zip,4750868,2026/01/01 00:59:59,93b1438b-e295-50f2-8f3c-7fe11519266a,2025,2025/01/01 01:00:00
232000_588000,https://download.pdok.nl/kadaster/basisvoorziening-3d/v1_0/2025/volledig/volledig_2025_232000_588000.zip,5004416,2026/01/01 00:59:59,1e132dea-fc93-51db-98cc-e5ef0a20568c,2025,2025/01/01 01:00:00
234000_562000,https://download.pdok.nl/kadaster/basisvoorziening-3d/v1_0/2025/volledig/volledig_2025_234000_562000.zip,11764476,2026/01/01 00:59:59,41c294f8-fb71-5674-9615-a413d0196488,2025,2025/01/01 01:00:00
234000_564000,https://download.pdok.nl/kadaster/basisvoorziening-3d/v1_0/2025/volledig/volledig_2025_234000_564000.zip,15487112,2026/01/01 00:59:59,3ee1c6bb-e243-5a3e-9d2d-b1905c27c172,2025,2025/01/01 01:00:00
234000_566000,https://download.pdok.nl/kadaster/basisvoorziening-3d/v1_0/2025/volledig/volledig_2025_234000_566000.zip,11825507,2026/01/01 00:59:59,"0eecd302-c24e-5c2e-9954-a25c9bbcb298",2025,2025/01/01 01:00:00
234000_568000,https://download.pdok.nl/kadaster/basisvoorziening-3d/v1_0/2025/volledig/volledig_2025_234000_568000.zip,9859213,2026/01/01 00:59:59,c9283827-714f-5c91-b257-69eb184e767b,2025,2025/01/01 01:00:00
234000_570000,https://download.pdok.nl/kadaster/basisvoorziening-3d/v1_0/2025/volledig/volledig_2025_234000_570000.zip,10315061,2026/01/01 00:59:59,"004ffbc3-fa23-5499-833f-c76eecb69c7f",2025,2025/01/01 01:00:00
234000_572000,https://download.pdok.nl/kadaster/basisvoorziening-3d/v1_0/2025/volledig/volledig_2025_234000_572000.zip,17357014,2026/01/01 00:59:59,e7f33de8-0c18-5ef1-90c0-cf937f18fa58,2025,2025/01/01 01:00:00
234000_574000,https://download.pdok.nl/kadaster/basisvoorziening-3d/v1_0/2025/volledig/volledig_2025_234000_574000.zip,16151253,2026/01/01 00:59:59,82b2bbfd-c06a-59c1-b90c-33639dcb5673,2025,2025/01/01 01:00:00
234000_576000,https://download.pdok.nl/kadaster/basisvoorziening-3d/v1_0/2025/volledig/volledig_2025_234000_576000.zip,12138323,2026/01/01 00:59:59,3777bef1-3d5c-596b-830d-b952fd181b5e,2025,2025/01/01 01:00:00
234000_578000,https://download.pdok.nl/kadaster/basisvoorziening-3d/v1_0/2025/volledig/volledig_2025_234000_578000.zip,15224408,2026/01/01 00:59:59,bd802353-e979-5b06-85a8-db075f6f0ff5,2025,2025/01/01 01:00:00
234000_580000,https://download.pdok.nl/kadaster/basisvoorziening-3d/v1_0/2025/volledig/volledig_2025_234000_580000.zip,14032792,2026/01/01 00:59:59,212349d3-2c2c-5694-9207-4821092cb6c7,2025,2025/01/01 01:00:00
234000_582000,https://download.pdok.nl/kadaster/basisvoorziening-3d/v1_0/2025/volledig/volledig_2025_234000_582000.zip,12566992,2026/01/01 00:59:59,2a8ebde2-1c20-5aee-bfd9-206b34dbebbe,2025,2025/01/01 01:00:00
234000_584000,https://download.pdok.nl/kadaster/basisvoorziening-3d/v1_0/2025/volledig/volledig_2025_234000_584000.zip,15705063,2026/01/01 00:59:59,74b4ad4f-94f5-568b-a98a-1cb33524d33e,2025,2025/01/01 01:00:00
234000_586000,https://download.pdok.nl/kadaster/basisvoorziening-3d/v1_0/2025/volledig/volledig_2025_234000_586000.zip,8083786,2026/01/01 00:59:59,2dca2fdc-68ba-5e67-a446-ba52c1701776,2025,2025/01/01 01:00:00
234000_588000,https://download.pdok.nl/kadaster/basisvoorziening-3d/v1_0/2025/volledig/volledig_2025_234000_588000.zip,5511350,2026/01/01 00:59:59,494771d5-04ca-5740-aa4e-037850cf06e7,2025,2025/01/01 01:00:00
236000_562000,https://download.pdok.nl/kadaster/basisvoorziening-3d/v1_0/2025/volledig/volledig_2025_236000_562000.zip,9457427,2026/01/01 00:59:59,16b85476-6fb2-59f6-ab8a-99eb7a38919d,2025,2025/01/01 01:00:00
236000_564000,https://download.pdok.nl/kadaster/basisvoorziening-3d/v1_0/2025/volledig/volledig_2025_236000_564000.zip,12520585,2026/01/01 00:59:59,aec52466-a6bd-5d4a-ae9f-b23489c5d660,2025,2025/01/01 01:00:00
236000_566000,https://download.pdok.nl/kadaster/basisvoorziening-3d/v1_0/2025/volledig/volledig_2025_236000_566000.zip,10409348,2026/01/01 00:59:59,c2954f46-5efb-5abe-8ca5-6d2f840815ca,2025,2025/01/01 01:00:00
236000_568000,https://download.pdok.nl/kadaster/basisvoorziening-3d/v1_0/2025/volledig/volledig_2025_236000_568000.zip,8004389,2026/01/01 00:59:59,ef90ad8e-5885-5547-958b-bf062c628ccf,2025,2025/01/01 01:00:00
236000_570000,https://download.pdok.nl/kadaster/basisvoorziening-3d/v1_0/2025/volledig/volledig_2025_236000_570000.zip,11641558,2026/01/01 00:59:59,779bc087-1fe9-5994-b0bb-3253c99af5ec,2025,2025/01/01 01:00:00
236000_572000,https://download.pdok.nl/kadaster/basisvoorziening-3d/v1_0/2025/volledig/volledig_2025_236000_572000.zip,17479780,2026/01/01 00:59:59,cab7a493-ad39-5dea-afd2-c1d636bdfa7c,2025,2025/01/01 01:00:00
236000_574000,https://download.pdok.nl/kadaster/basisvoorziening-3d/v1_0/2025/volledig/volledig_2025_236000_574000.zip,18264462,2026/01/01 00:59:59,9522ae08-bdd5-5269-a8ee-8d7a093aea27,2025,2025/01/01 01:00:00
236000_576000,https://download.pdok.nl/kadaster/basisvoorziening-3d/v1_0/2025/volledig/volledig_2025_236000_576000.zip,20372560,2026/01/01 00:59:59,905039f2-6fc9-55aa-b59f-29aebe56e2aa,2025,2025/01/01 01:00:00
236000_578000,https://download.pdok.nl/kadaster/basisvoorziening-3d/v1_0/2025/volledig/volledig_2025_236000_578000.zip,17486091,2026/01/01 00:59:59,fa147f56-c1a0-5e4f-bd3e-f199c3cc128d,2025,2025/01/01 01:00:00
236000_580000,https://download.pdok.nl/kadaster/basisvoorziening-3d/v1_0/2025/volledig/volledig_2025_236000_580000.zip,14978859,2026/01/01 00:59:59,2bf9e97b-7a90-5802-9104-28c88e541ca3,2025,2025/01/01 01:00:00
236000_582000,https://download.pdok.nl/kadaster/basisvoorziening-3d/v1_0/2025/volledig/volledig_2025_236000_582000.zip,14817643,2026/01/01 00:59:59,2bb85bfc-13c4-5d06-b348-baf8220ab471,2025,2025/01/01 01:00:00
236000_584000,https://download.pdok.nl/kadaster/basisvoorziening-3d/v1_0/2025/volledig/volledig_2025_236000_584000.zip,12994225,2026/01/01 00:59:59,be2d97d5-24cb-5b82-b4bc-ef199504155c,2025,2025/01/01 01:00:00
236000_586000,https://download.pdok.nl/kadaster/basisvoorziening-3d/v1_0/2025/volledig/volledig_2025_236000_586000.zip,6771856,2026/01/01 00:59:59,2a573bf1-b2f5-50ad-a2a1-d77e2a5e7404,2025,2025/01/01 01:00:00
236000_588000,https://download.pdok.nl/kadaster/basisvoorziening-3d/v1_0/2025/volledig/volledig_2025_236000_588000.zip,6386352,2026/01/01 00:59:59,9861b7a2-f7a5-53b8-8c47-d4813c1a7c4c,2025,2025/01/01 01:00:00
238000_562000,https://download.pdok.nl/kadaster/basisvoorziening-3d/v1_0/2025/volledig/volledig_2025_238000_562000.zip,13333918,2026/01/01 00:59:59,1ea57691-bbd7-5ff0-a4a2-2bef8992bb0d,2025,2025/01/01 01:00:00
238000_564000,https://download.pdok.nl/kadaster/basisvoorziening-3d/v1_0/2025/volledig/volledig_2025_238000_564000.zip,18048610,2026/01/01 00:59:59,67a913b0-0de6-53fb-bb38-f32bd51068e7,2025,2025/01/01 01:00:00
238000_566000,https://download.pdok.nl/kadaster/basisvoorziening-3d/v1_0/2025/volledig/volledig_2025_238000_566000.zip,16446404,2026/01/01 00:59:59,c2022ed7-af63-583c-8afe-1324b882efc0,2025,2025/01/01 01:00:00
238000_568000,https://download.pdok.nl/kadaster/basisvoorziening-3d/v1_0/2025/volledig/volledig_2025_238000_568000.zip,20877482,2026/01/01 00:59:59,1dd54120-2f21-58ee-b6dc-9ac3f81c69a0,2025,2025/01/01 01:00:00
238000_570000,https://download.pdok.nl/kadaster/basisvoorziening-3d/v1_0/2025/volledig/volledig_2025_238000_570000.zip,19346576,2026/01/01 00:59:59,617a80ab-4979-5771-b7b7-08bd0ccb3e19,2025,2025/01/01 01:00:00
238000_572000,https://download.pdok.nl/kadaster/basisvoorziening-3d/v1_0/2025/volledig/volledig_2025_238000_572000.zip,14945995,2026/01/01 00:59:59,106f4e39-2082-5c63-9384-c72f85d25016,2025,2025/01/01 01:00:00
238000_574000,https://download.pdok.nl/kadaster/basisvoorziening-3d/v1_0/2025/volledig/volledig_2025_238000_574000.zip,11082546,2026/01/01 00:59:59,8128003f-f737-5adc-8328-fcd057722b09,2025,2025/01/01 01:00:00
238000_576000,https://download.pdok.nl/kadaster/basisvoorziening-3d/v1_0/2025/volledig/volledig_2025_238000_576000.zip,18436314,2026/01/01 00:59:59,d9c3befe-d167-566b-a4c0-18a8aa94f35e,2025,2025/01/01 01:00:00
238000_578000,https://download.pdok.nl/kadaster/basisvoorziening-3d/v1_0/2025/volledig/volledig_2025_238000_578000.zip,16822381,2026/01/01 00:59:59,ee50d090-6f78-5df5-8cf6-f7bf93b361a7,2025,2025/01/01 01:00:00
238000_580000,https://download.pdok.nl/kadaster/basisvoorziening-3d/v1_0/2025/volledig/volledig_2025_238000_580000.zip,13603811,2026/01/01 00:59:59,a7e7d5a3-ef98-5812-9b67-7db722ba9d33,2025,2025/01/01 01:00:00
238000_582000,https://download.pdok.nl/kadaster/basisvoorziening-3d/v1_0/2025/volledig/volledig_2025_238000_582000.zip,14264017,2026/01/01 00:59:59,b1863aa1-5df1-5a19-9628-d4fb611d6dfa,2025,2025/01/01 01:00:00
238000_584000,https://download.pdok.nl/kadaster/basisvoorziening-3d/v1_0/2025/volledig/volledig_2025_238000_584000.zip,9613472,2026/01/01 00:59:59,6b70e41e-e33d-5d67-9187-be871b1af0dd,2025,2025/01/01 01:00:00
238000_586000,https://download.pdok.nl/kadaster/basisvoorziening-3d/v1_0/2025/volledig/volledig_2025_238000_586000.zip,7373138,2026/01/01 00:59:59,380a9a8b-753c-5131-a6bb-b65b326662a7,2025,2025/01/01 01:00:00
238000_588000,https://download.pdok.nl/kadaster/basisvoorziening-3d/v1_0/2025/volledig/volledig_2025_238000_588000.zip,5721276,2026/01/01 00:59:59,34e929d7-df01-58f1-a904-bfaa433aeebc,2025,2025/01/01 01:00:00
240000_562000,https://download.pdok.nl/kadaster/basisvoorziening-3d/v1_0/2025/volledig/volledig_2025_240000_562000.zip,16337694,2026/01/01 00:59:59,eaeca0ce-18f8-5539-8908-d57561388ad3,2025,2025/01/01 01:00:00
240000_564000,https://download.pdok.nl/kadaster/basisvoorziening-3d/v1_0/2025/volledig/volledig_2025_240000_564000.zip,21798293,2026/01/01 00:59:59,4bb4267a-704d-5151-83e9-fbf0ad38dcda,2025,2025/01/01 01:00:00
240000_566000,https://download.pdok.nl/kadaster/basisvoorziening-3d/v1_0/2025/volledig/volledig_2025_240000_566000.zip,18032324,2026/01/01 00:59:59,10c5cbd2-0d82-526f-84af-ba91953a3c4f,2025,2025/01/01 01:00:00
240000_568000,https://download.pdok.nl/kadaster/basisvoorziening-3d/v1_0/2025/volledig/volledig_2025_240000_568000.zip,11528096,2026/01/01 00:59:59,f69fc200-a6c8-59c2-b56f-bed40e903798,2025,2025/01/01 01:00:00
240000_570000,https://download.pdok.nl/kadaster/basisvoorziening-3d/v1_0/2025/volledig/volledig_2025_240000_570000.zip,8853757,2026/01/01 00:59:59,b39c926f-890a-5351-ad88-a68f6e614ecc,2025,2025/01/01 01:00:00
240000_572000,https://download.pdok.nl/kadaster/basisvoorziening-3d/v1_0/2025/volledig/volledig_2025_240000_572000.zip,8359618,2026/01/01 00:59:59,"0b621013-1b7d-51c7-8e63-6fc4dd88490e",2025,2025/01/01 01:00:00
240000_574000,https://download.pdok.nl/kadaster/basisvoorziening-3d/v1_0/2025/volledig/volledig_2025_240000_574000.zip,12634632,2026/01/01 00:59:59,eecdbbab-1f2e-5fc2-909c-70749a8ba8e3,2025,2025/01/01 01:00:00
240000_576000,https://download.pdok.nl/kadaster/basisvoorziening-3d/v1_0/2025/volledig/volledig_2025_240000_576000.zip,13683972,2026/01/01 00:59:59,1958f94f-450a-5ae3-b913-c8abf5607c9f,2025,2025/01/01 01:00:00
240000_578000,https://download.pdok.nl/kadaster/basisvoorziening-3d/v1_0/2025/volledig/volledig_2025_240000_578000.zip,16442041,2026/01/01 00:59:59,"0e92bace-8c8c-5dd9-b19a-c099c4be9f7c",2025,2025/01/01 01:00:00
240000_580000,https://download.pdok.nl/kadaster/basisvoorziening-3d/v1_0/2025/volledig/volledig_2025_240000_580000.zip,10787708,2026/01/01 00:59:59,2f65ab09-e3a2-5fff-a512-050b559fb23f,2025,2025/01/01 01:00:00
240000_582000,https://download.pdok.nl/kadaster/basisvoorziening-3d/v1_0/2025/volledig/volledig_2025_240000_582000.zip,13189963,2026/01/01 00:59:59,6148428c-1ed3-5ebd-b9e8-4c76ef692d8c,2025,2025/01/01 01:00:00
240000_584000,https://download.pdok.nl/kadaster/basisvoorziening-3d/v1_0/2025/volledig/volledig_2025_240000_584000.zip,8430939,2026/01/01 00:59:59,adef6b33-6d68-5b24-b78a-9c44c271eb8e,2025,2025/01/01 01:00:00
240000_586000,https://download.pdok.nl/kadaster/basisvoorziening-3d/v1_0/2025/volledig/volledig_2025_240000_586000.zip,8856619,2026/01/01 00:59:59,905b7ab8-5df9-5e09-8e86-3930427bcbcf,2025,2025/01/01 01:00:00
240000_588000,https://download.pdok.nl/kadaster/basisvoorziening-3d/v1_0/2025/volledig/volledig_2025_240000_588000.zip,5991592,2026/01/01 00:59:59,1f662f84-0d6a-554a-95f6-91a11c99e072,2025,2025/01/01 01:00:00
242000_562000,https://download.pdok.nl/kadaster/basisvoorziening-3d/v1_0/2025/volledig/volledig_2025_242000_562000.zip,15061544,2026/01/01 00:59:59,a4832090-1362-5c4a-a3e1-e0354984af86,2025,2025/01/01 01:00:00
242000_564000,https://download.pdok.nl/kadaster/basisvoorziening-3d/v1_0/2025/volledig/volledig_2025_242000_564000.zip,18317046,2026/01/01 00:59:59,badf3b52-04a6-5ffb-bed6-0792ba88bcae,2025,2025/01/01 01:00:00
242000_566000,https://download.pdok.nl/kadaster/basisvoorziening-3d/v1_0/2025/volledig/volledig_2025_242000_566000.zip,10169912,2026/01/01 00:59:59,22cfd76e-60d9-5dec-b84f-c15e6ab8436d,2025,2025/01/01 01:00:00
242000_568000,https://download.pdok.nl/kadaster/basisvoorziening-3d/v1_0/2025/volledig/volledig_2025_242000_568000.zip,10386360,2026/01/01 00:59:59,3ea3d254-898d-5495-989c-a7d4cc78bb98,2025,2025/01/01 01:00:00
242000_570000,https://download.pdok.nl/kadaster/basisvoorziening-3d/v1_0/2025/volledig/volledig_2025_242000_570000.zip,7928699,2026/01/01 00:59:59,"044ad4ff-cdc2-55b6-a784-9458836a5f53",2025,2025/01/01 01:00:00
242000_572000,https://download.pdok.nl/kadaster/basisvoorziening-3d/v1_0/2025/volledig/volledig_2025_242000_572000.zip,8282571,2026/01/01 00:59:59,c63dfb36-9109-58e7-871e-e80474592f58,2025,2025/01/01 01:00:00
242000_574000,https://download.pdok.nl/kadaster/basisvoorziening-3d/v1_0/2025/volledig/volledig_2025_242000_574000.zip,16728020,2026/01/01 00:59:59,2a08acbe-78a5-51ed-a0f9-206312cafc77,2025,2025/01/01 01:00:00
242000_576000,https://download.pdok.nl/kadaster/basisvoorziening-3d/v1_0/2025/volledig/volledig_2025_242000_576000.zip,11778221,2026/01/01 00:59:59,65fe3948-210b-5ba1-bc4c-7d6ce7e1c7ee,2025,2025/01/01 01:00:00
242000_578000,https://download.pdok.nl/kadaster/basisvoorziening-3d/v1_0/2025/volledig/volledig_2025_242000_578000.zip,12494222,2026/01/01 00:59:59,1ade7afb-3e8d-5fcb-9dba-3a76c95a19a2,2025,2025/01/01 01:00:00
242000_580000,https://download.pdok.nl/kadaster/basisvoorziening-3d/v1_0/2025/volledig/volledig_2025_242000_580000.zip,9204820,2026/01/01 00:59:59,74a6d1ec-e4e1-53b9-97c5-1c5845da3415,2025,2025/01/01 01:00:00
242000_582000,https://download.pdok.nl/kadaster/basisvoorziening-3d/v1_0/2025/volledig/volledig_2025_242000_582000.zip,16944407,2026/01/01 00:59:59,e70bd5be-98ae-5a7a-950a-6642ac50382e,2025,2025/01/01 01:00:00
242000_584000,https://download.pdok.nl/kadaster/basisvoorziening-3d/v1_0/2025/volledig/volledig_2025_242000_584000.zip,5007362,2026/01/01 00:59:59,6b93e2ee-66e9-52c4-a822-c50710a621dd,2025,2025/01/01 01:00:00
242000_586000,https://download.pdok.nl/kadaster/basisvoorziening-3d/v1_0/2025/volledig/volledig_2025_242000_586000.zip,6007599,2026/01/01 00:59:59,7291b664-b865-52a3-89aa-0eb655be52d2,2025,2025/01/01 01:00:00
242000_588000,https://download.pdok.nl/kadaster/basisvoorziening-3d/v1_0/2025/volledig/volledig_2025_242000_588000.zip,8982425,2026/01/01 00:59:59,e7b1459a-6e48-5eda-bb6f-2292908f9cff,2025,2025/01/01 01:00:00
